1,pop1,pop1_type,pop2,pop2_type,dist_km,fst
2,ZAM15-05_C4_IIIa,C4_IIIa,TAN16-03_C4_IIIa,C4_IIIa,464.7131618,0.312731413
3,ZAM17-01_C4_IIIa,C4_IIIa,TAN16-03_C4_IIIa,C4_IIIa,727.9166057,0.288228055
4,ZAM19-30_C4_IIIb,C4_IIIb,TAN16-03_C4_IIIa,C4_IIIa,588.3676927,0.276651354
5,ZAM19-32_C4_IIIb,C4_IIIb,TAN16-03_C4_IIIa,C4_IIIa,306.2668742,0.293920215
6,ZAM19-33_C4_IIIb,C4_IIIb,TAN16-03_C4_IIIa,C4_IIIa,271.8029946,0.279238822
7,ZAM19-55_C4_IIIb,C4_IIIb,TAN16-03_C4_IIIa,C4_IIIa,344.021847,0.294778629
8,ZAM19-56_C4_IIIb,C4_IIIb,TAN16-03_C4_IIIa,C4_IIIa,338.9372177,0.282348528
9,ZAM20-91_C4_IIIb,C4_IIIb,TAN16-03_C4_IIIa,C4_IIIa,954.3596708,0.304517715
14,ZAM19-30_dec,dec,TAN16-03_C4_IIIa,C4_IIIa,588.3676927,0.716112645
15,ZAM19-50_dec,dec,TAN16-03_C4_IIIa,C4_IIIa,385.7734107,0.69504405
16,ZAM20-114_dec,dec,TAN16-03_C4_IIIa,C4_IIIa,633.2971388,0.721244278
17,ZAM20-75_dec,dec,TAN16-03_C4_IIIa,C4_IIIa,1061.262049,0.713887477
23,ZAM17-18_ere,ere,TAN16-03_C4_IIIa,C4_IIIa,147.2419964,0.724950501
24,ZAM17-20_ere,ere,TAN16-03_C4_IIIa,C4_IIIa,71.26351151,0.725045755
25,ZAM17-22_ere,ere,TAN16-03_C4_IIIa,C4_IIIa,137.8895191,0.724264934
26,ZAM19-30_ere,ere,TAN16-03_C4_IIIa,C4_IIIa,588.3676927,0.731742899
27,ZAM19-31_ere,ere,TAN16-03_C4_IIIa,C4_IIIa,328.4635971,0.719481827
28,ZAM19-32_ere,ere,TAN16-03_C4_IIIa,C4_IIIa,306.2668742,0.720637822
29,ZAM19-33_ere,ere,TAN16-03_C4_IIIa,C4_IIIa,271.8029946,0.723207522
30,ZAM19-42_ere,ere,TAN16-03_C4_IIIa,C4_IIIa,209.5375813,0.720517732
31,ZAM19-44_ere,ere,TAN16-03_C4_IIIa,C4_IIIa,231.4545321,0.723461675
32,ZAM19-53_ere,ere,TAN16-03_C4_IIIa,C4_IIIa,383.90277,0.721526679
33,ZAM19-55_ere,ere,TAN16-03_C4_IIIa,C4_IIIa,344.021847,0.723170804
34,ZAM19-56_ere,ere,TAN16-03_C4_IIIa,C4_IIIa,338.9372177,0.723829952
35,ZAM19-59_ere,ere,TAN16-03_C4_IIIa,C4_IIIa,234.8567363,0.721119548
36,ZAM20-106_ere,ere,TAN16-03_C4_IIIa,C4_IIIa,667.2684329,0.726894658
37,ZAM20-108_ere,ere,TAN16-03_C4_IIIa,C4_IIIa,628.8872896,0.737588569
38,ZAM20-113_ere,ere,TAN16-03_C4_IIIa,C4_IIIa,633.5582383,0.73599453
39,ZAM20-74_ere,ere,TAN16-03_C4_IIIa,C4_IIIa,1004.502825,0.710445548
40,ZAM20-86_ere,ere,TAN16-03_C4_IIIa,C4_IIIa,1003.152688,0.723778696
41,ZAM20-91_ere,ere,TAN16-03_C4_IIIa,C4_IIIa,954.3596708,0.72345994
42,ZAM20-95_ere,ere,TAN16-03_C4_IIIa,C4_IIIa,923.0987687,0.737597225
46,ZAM17-01_C4_IIIa,C4_IIIa,ZAM15-05_C4_IIIa,C4_IIIa,323.9081012,0.339741877
47,ZAM19-30_C4_IIIb,C4_IIIb,ZAM15-05_C4_IIIa,C4_IIIa,244.1613899,0.321239128
48,ZAM19-32_C4_IIIb,C4_IIIb,ZAM15-05_C4_IIIa,C4_IIIa,249.740045,0.326973355
49,ZAM19-33_C4_IIIb,C4_IIIb,ZAM15-05_C4_IIIa,C4_IIIa,243.4750199,0.325343242
50,ZAM19-55_C4_IIIb,C4_IIIb,ZAM15-05_C4_IIIa,C4_IIIa,205.6524215,0.333872889
51,ZAM19-56_C4_IIIb,C4_IIIb,ZAM15-05_C4_IIIa,C4_IIIa,212.4964742,0.323981837
52,ZAM20-91_C4_IIIb,C4_IIIb,ZAM15-05_C4_IIIa,C4_IIIa,526.2918388,0.340807763
57,ZAM19-30_dec,dec,ZAM15-05_C4_IIIa,C4_IIIa,244.1613899,0.601715856
58,ZAM19-50_dec,dec,ZAM15-05_C4_IIIa,C4_IIIa,79.05038466,0.586033727
59,ZAM20-114_dec,dec,ZAM15-05_C4_IIIa,C4_IIIa,231.5396672,0.606865588
60,ZAM20-75_dec,dec,ZAM15-05_C4_IIIa,C4_IIIa,597.4375216,0.599930511
66,ZAM17-18_ere,ere,ZAM15-05_C4_IIIa,C4_IIIa,318.7176548,0.608586076
67,ZAM17-20_ere,ere,ZAM15-05_C4_IIIa,C4_IIIa,438.0780514,0.608532314
68,ZAM17-22_ere,ere,ZAM15-05_C4_IIIa,C4_IIIa,391.9148399,0.607938396
69,ZAM19-30_ere,ere,ZAM15-05_C4_IIIa,C4_IIIa,244.1613899,0.613999338
70,ZAM19-31_ere,ere,ZAM15-05_C4_IIIa,C4_IIIa,255.4762118,0.604164622
71,ZAM19-32_ere,ere,ZAM15-05_C4_IIIa,C4_IIIa,249.740045,0.605791376
72,ZAM19-33_ere,ere,ZAM15-05_C4_IIIa,C4_IIIa,243.4750199,0.606917322
73,ZAM19-42_ere,ere,ZAM15-05_C4_IIIa,C4_IIIa,255.3728306,0.604994372
74,ZAM19-44_ere,ere,ZAM15-05_C4_IIIa,C4_IIIa,236.5379852,0.607044074
75,ZAM19-53_ere,ere,ZAM15-05_C4_IIIa,C4_IIIa,141.822664,0.605896034
76,ZAM19-55_ere,ere,ZAM15-05_C4_IIIa,C4_IIIa,205.6524215,0.607016323
77,ZAM19-56_ere,ere,ZAM15-05_C4_IIIa,C4_IIIa,212.4964742,0.607376739
78,ZAM19-59_ere,ere,ZAM15-05_C4_IIIa,C4_IIIa,268.3857209,0.605879571
79,ZAM20-106_ere,ere,ZAM15-05_C4_IIIa,C4_IIIa,202.7502714,0.610403201
80,ZAM20-108_ere,ere,ZAM15-05_C4_IIIa,C4_IIIa,164.871059,0.619747129
81,ZAM20-113_ere,ere,ZAM15-05_C4_IIIa,C4_IIIa,231.3493965,0.618404741
82,ZAM20-74_ere,ere,ZAM15-05_C4_IIIa,C4_IIIa,543.9470602,0.595813217
83,ZAM20-86_ere,ere,ZAM15-05_C4_IIIa,C4_IIIa,548.3788768,0.607335909
84,ZAM20-91_ere,ere,ZAM15-05_C4_IIIa,C4_IIIa,526.2918388,0.6072347
85,ZAM20-95_ere,ere,ZAM15-05_C4_IIIa,C4_IIIa,492.6069446,0.619830309
90,ZAM19-30_C4_IIIb,C4_IIIb,ZAM17-01_C4_IIIa,C4_IIIa,148.8641208,0.259699049
91,ZAM19-32_C4_IIIb,C4_IIIb,ZAM17-01_C4_IIIa,C4_IIIa,431.1653288,0.285291634
92,ZAM19-33_C4_IIIb,C4_IIIb,ZAM17-01_C4_IIIa,C4_IIIa,458.0541084,0.267040192
93,ZAM19-55_C4_IIIb,C4_IIIb,ZAM17-01_C4_IIIa,C4_IIIa,529.3828847,0.288464697
94,ZAM19-56_C4_IIIb,C4_IIIb,ZAM17-01_C4_IIIa,C4_IIIa,536.12763,0.274164956
95,ZAM20-91_C4_IIIb,C4_IIIb,ZAM17-01_C4_IIIa,C4_IIIa,553.8380905,0.288896112
100,ZAM19-30_dec,dec,ZAM17-01_C4_IIIa,C4_IIIa,148.8641208,0.736445014
101,ZAM19-50_dec,dec,ZAM17-01_C4_IIIa,C4_IIIa,380.6728143,0.713729992
102,ZAM20-114_dec,dec,ZAM17-01_C4_IIIa,C4_IIIa,97.15084278,0.74169477
103,ZAM20-75_dec,dec,ZAM17-01_C4_IIIa,C4_IIIa,413.4195688,0.734194187
109,ZAM17-18_ere,ere,ZAM17-01_C4_IIIa,C4_IIIa,585.0525925,0.74577996
110,ZAM17-20_ere,ere,ZAM17-01_C4_IIIa,C4_IIIa,679.591957,0.745965078
111,ZAM17-22_ere,ere,ZAM17-01_C4_IIIa,C4_IIIa,615.1478747,0.745178962
112,ZAM19-30_ere,ere,ZAM17-01_C4_IIIa,C4_IIIa,148.8641208,0.752757975
113,ZAM19-31_ere,ere,ZAM17-01_C4_IIIa,C4_IIIa,415.4562962,0.740101799
114,ZAM19-32_ere,ere,ZAM17-01_C4_IIIa,C4_IIIa,431.1653288,0.741250919
115,ZAM19-33_ere,ere,ZAM17-01_C4_IIIa,C4_IIIa,458.0541084,0.744318954
116,ZAM19-42_ere,ere,ZAM17-01_C4_IIIa,C4_IIIa,530.8642157,0.741267955
117,ZAM19-44_ere,ere,ZAM17-01_C4_IIIa,C4_IIIa,503.6225422,0.744380139
118,ZAM19-53_ere,ere,ZAM17-01_C4_IIIa,C4_IIIa,465.6866643,0.742427656
119,ZAM19-55_ere,ere,ZAM17-01_C4_IIIa,C4_IIIa,529.3828847,0.744238276
120,ZAM19-56_ere,ere,ZAM17-01_C4_IIIa,C4_IIIa,536.12763,0.744767164
121,ZAM19-59_ere,ere,ZAM17-01_C4_IIIa,C4_IIIa,578.4008235,0.741854084
122,ZAM20-106_ere,ere,ZAM17-01_C4_IIIa,C4_IIIa,244.6864596,0.747944849
123,ZAM20-108_ere,ere,ZAM17-01_C4_IIIa,C4_IIIa,223.891367,0.758902887
124,ZAM20-113_ere,ere,ZAM17-01_C4_IIIa,C4_IIIa,97.06951047,0.75690002
125,ZAM20-74_ere,ere,ZAM17-01_C4_IIIa,C4_IIIa,337.8240356,0.731285397
126,ZAM20-86_ere,ere,ZAM17-01_C4_IIIa,C4_IIIa,489.1661969,0.744446086
127,ZAM20-91_ere,ere,ZAM17-01_C4_IIIa,C4_IIIa,553.8380905,0.744649024
128,ZAM20-95_ere,ere,ZAM17-01_C4_IIIa,C4_IIIa,523.5685105,0.758487336
134,ZAM19-32_C4_IIIb,C4_IIIb,ZAM19-30_C4_IIIb,C4_IIIb,286.0615791,0.147284155
135,ZAM19-33_C4_IIIb,C4_IIIb,ZAM19-30_C4_IIIb,C4_IIIb,316.6248228,0.140445894
136,ZAM19-55_C4_IIIb,C4_IIIb,ZAM19-30_C4_IIIb,C4_IIIb,435.703375,0.170013161
137,ZAM19-56_C4_IIIb,C4_IIIb,ZAM19-30_C4_IIIb,C4_IIIb,441.5754072,0.159233463
138,ZAM20-91_C4_IIIb,C4_IIIb,ZAM19-30_C4_IIIb,C4_IIIb,628.4046462,0.169952059
143,ZAM19-30_dec,dec,ZAM19-30_C4_IIIb,C4_IIIb,0,0.705556278
144,ZAM19-50_dec,dec,ZAM19-30_C4_IIIb,C4_IIIb,275.872104,0.685310629
145,ZAM20-114_dec,dec,ZAM19-30_C4_IIIb,C4_IIIb,81.62904177,0.711935023
146,ZAM20-75_dec,dec,ZAM19-30_C4_IIIb,C4_IIIb,550.4605451,0.702876727
155,ZAM19-30_ere,ere,ZAM19-30_C4_IIIb,C4_IIIb,0,0.720603309
156,ZAM19-31_ere,ere,ZAM19-30_C4_IIIb,C4_IIIb,268.6510508,0.707921223
157,ZAM19-32_ere,ere,ZAM19-30_C4_IIIb,C4_IIIb,286.0615791,0.709284891
158,ZAM19-33_ere,ere,ZAM19-30_C4_IIIb,C4_IIIb,316.6248228,0.712149354
159,ZAM19-42_ere,ere,ZAM19-30_C4_IIIb,C4_IIIb,400.6373405,0.708872299
160,ZAM19-44_ere,ere,ZAM19-30_C4_IIIb,C4_IIIb,372.0765536,0.711874143
161,ZAM19-53_ere,ere,ZAM19-30_C4_IIIb,C4_IIIb,378.0657915,0.709914396
162,ZAM19-55_ere,ere,ZAM19-30_C4_IIIb,C4_IIIb,435.703375,0.711849626
163,ZAM19-56_ere,ere,ZAM19-30_C4_IIIb,C4_IIIb,441.5754072,0.712313126
164,ZAM19-59_ere,ere,ZAM19-30_C4_IIIb,C4_IIIb,463.0799219,0.709430239
165,ZAM20-106_ere,ere,ZAM19-30_C4_IIIb,C4_IIIb,273.5729444,0.715474521
166,ZAM20-108_ere,ere,ZAM19-30_C4_IIIb,C4_IIIb,231.6812014,0.727248877
167,ZAM20-113_ere,ere,ZAM19-30_C4_IIIb,C4_IIIb,82.34247515,0.725521127
168,ZAM20-74_ere,ere,ZAM19-30_C4_IIIb,C4_IIIb,477.8133435,0.698356851
169,ZAM20-86_ere,ere,ZAM19-30_C4_IIIb,C4_IIIb,592.1272858,0.711968143
170,ZAM20-91_ere,ere,ZAM19-30_C4_IIIb,C4_IIIb,628.4046462,0.712166387
171,ZAM20-95_ere,ere,ZAM19-30_C4_IIIb,C4_IIIb,595.3961884,0.726997131
178,ZAM19-33_C4_IIIb,C4_IIIb,ZAM19-32_C4_IIIb,C4_IIIb,44.2838053,0.160168934
179,ZAM19-55_C4_IIIb,C4_IIIb,ZAM19-32_C4_IIIb,C4_IIIb,295.6117675,0.190200309
180,ZAM19-56_C4_IIIb,C4_IIIb,ZAM19-32_C4_IIIb,C4_IIIb,297.2550232,0.180997011
181,ZAM20-91_C4_IIIb,C4_IIIb,ZAM19-32_C4_IIIb,C4_IIIb,775.080631,0.193402539
187,ZAM19-50_dec,dec,ZAM19-32_C4_IIIb,C4_IIIb,190.0452313,0.6875919
188,ZAM20-114_dec,dec,ZAM19-32_C4_IIIb,C4_IIIb,341.4747224,0.714220621
189,ZAM20-75_dec,dec,ZAM19-32_C4_IIIb,C4_IIIb,800.4343587,0.70544338
200,ZAM19-32_ere,ere,ZAM19-32_C4_IIIb,C4_IIIb,0.000164623,0.712570221
201,ZAM19-33_ere,ere,ZAM19-32_C4_IIIb,C4_IIIb,44.2838053,0.715484487
202,ZAM19-42_ere,ere,ZAM19-32_C4_IIIb,C4_IIIb,155.5137106,0.712019977
203,ZAM19-44_ere,ere,ZAM19-32_C4_IIIb,C4_IIIb,129.1047702,0.715227521
204,ZAM19-53_ere,ere,ZAM19-32_C4_IIIb,C4_IIIb,276.4164936,0.713117774
205,ZAM19-55_ere,ere,ZAM19-32_C4_IIIb,C4_IIIb,295.6117675,0.715123047
206,ZAM19-56_ere,ere,ZAM19-32_C4_IIIb,C4_IIIb,297.2550232,0.715527973
207,ZAM19-59_ere,ere,ZAM19-32_C4_IIIb,C4_IIIb,253.2501645,0.71265778
208,ZAM20-106_ere,ere,ZAM19-32_C4_IIIb,C4_IIIb,432.5254848,0.718756839
209,ZAM20-108_ere,ere,ZAM19-32_C4_IIIb,C4_IIIb,386.3766215,0.730082136
210,ZAM20-113_ere,ere,ZAM19-32_C4_IIIb,C4_IIIb,341.8690178,0.72845984
211,ZAM20-74_ere,ere,ZAM19-32_C4_IIIb,C4_IIIb,735.3199229,0.701578362
212,ZAM20-86_ere,ere,ZAM19-32_C4_IIIb,C4_IIIb,786.3430755,0.715205675
213,ZAM20-91_ere,ere,ZAM19-32_C4_IIIb,C4_IIIb,775.080631,0.71533262
214,ZAM20-95_ere,ere,ZAM19-32_C4_IIIb,C4_IIIb,741.2319282,0.729949267
222,ZAM19-55_C4_IIIb,C4_IIIb,ZAM19-33_C4_IIIb,C4_IIIb,259.8323631,0.17710989
223,ZAM19-56_C4_IIIb,C4_IIIb,ZAM19-33_C4_IIIb,C4_IIIb,260.8101341,0.16620544
224,ZAM20-91_C4_IIIb,C4_IIIb,ZAM19-33_C4_IIIb,C4_IIIb,769.3336277,0.188595952
230,ZAM19-50_dec,dec,ZAM19-33_C4_IIIb,C4_IIIb,174.5636076,0.689561661
231,ZAM20-114_dec,dec,ZAM19-33_C4_IIIb,C4_IIIb,365.3223894,0.716383519
232,ZAM20-75_dec,dec,ZAM19-33_C4_IIIb,C4_IIIb,814.3724891,0.707344805
244,ZAM19-33_ere,ere,ZAM19-33_C4_IIIb,C4_IIIb,0,0.716631167
245,ZAM19-42_ere,ere,ZAM19-33_C4_IIIb,C4_IIIb,111.3005958,0.713617078
246,ZAM19-44_ere,ere,ZAM19-33_C4_IIIb,C4_IIIb,85.43824669,0.716677595
247,ZAM19-53_ere,ere,ZAM19-33_C4_IIIb,C4_IIIb,247.7415272,0.714431012
248,ZAM19-55_ere,ere,ZAM19-33_C4_IIIb,C4_IIIb,259.8323631,0.716448387
249,ZAM19-56_ere,ere,ZAM19-33_C4_IIIb,C4_IIIb,260.8101341,0.716827384
250,ZAM19-59_ere,ere,ZAM19-33_C4_IIIb,C4_IIIb,210.1940986,0.71410937
251,ZAM20-106_ere,ere,ZAM19-33_C4_IIIb,C4_IIIb,436.4319907,0.720216507
252,ZAM20-108_ere,ere,ZAM19-33_C4_IIIb,C4_IIIb,391.8764,0.731891358
253,ZAM20-113_ere,ere,ZAM19-33_C4_IIIb,C4_IIIb,365.648164,0.730143292
254,ZAM20-74_ere,ere,ZAM19-33_C4_IIIb,C4_IIIb,751.6597009,0.70293947
255,ZAM20-86_ere,ere,ZAM19-33_C4_IIIb,C4_IIIb,788.7145804,0.716682238
256,ZAM20-91_ere,ere,ZAM19-33_C4_IIIb,C4_IIIb,769.3336277,0.716699225
257,ZAM20-95_ere,ere,ZAM19-33_C4_IIIb,C4_IIIb,735.7675882,0.731725854
266,ZAM19-56_C4_IIIb,C4_IIIb,ZAM19-55_C4_IIIb,C4_IIIb,7.329744366,0.166323673
267,ZAM20-91_C4_IIIb,C4_IIIb,ZAM19-55_C4_IIIb,C4_IIIb,614.7458795,0.207378201
274,ZAM20-114_dec,dec,ZAM19-55_C4_IIIb,C4_IIIb,435.7427223,0.713375658
275,ZAM20-75_dec,dec,ZAM19-55_C4_IIIb,C4_IIIb,769.5187213,0.704219448
291,ZAM19-55_ere,ere,ZAM19-55_C4_IIIb,C4_IIIb,0,0.713127754
292,ZAM19-56_ere,ere,ZAM19-55_C4_IIIb,C4_IIIb,7.329744366,0.713712827
293,ZAM19-59_ere,ere,ZAM19-55_C4_IIIb,C4_IIIb,109.1682793,0.710937909
294,ZAM20-106_ere,ere,ZAM19-55_C4_IIIb,C4_IIIb,375.9600298,0.716869555
295,ZAM20-108_ere,ere,ZAM19-55_C4_IIIb,C4_IIIb,351.7756727,0.728668696
296,ZAM20-113_ere,ere,ZAM19-55_C4_IIIb,C4_IIIb,435.6074847,0.726923515
297,ZAM20-74_ere,ere,ZAM19-55_C4_IIIb,C4_IIIb,725.7776082,0.699429874
298,ZAM20-86_ere,ere,ZAM19-55_C4_IIIb,C4_IIIb,677.3955315,0.713263652
299,ZAM20-91_ere,ere,ZAM19-55_C4_IIIb,C4_IIIb,614.7458795,0.713428527
300,ZAM20-95_ere,ere,ZAM19-55_C4_IIIb,C4_IIIb,584.6327139,0.7284857
310,ZAM20-91_C4_IIIb,C4_IIIb,ZAM19-56_C4_IIIb,C4_IIIb,620.8228634,0.203084669
317,ZAM20-114_dec,dec,ZAM19-56_C4_IIIb,C4_IIIb,442.3261157,0.71691041
318,ZAM20-75_dec,dec,ZAM19-56_C4_IIIb,C4_IIIb,776.7876765,0.70812888
335,ZAM19-56_ere,ere,ZAM19-56_C4_IIIb,C4_IIIb,0.000134414,0.717979335
336,ZAM19-59_ere,ere,ZAM19-56_C4_IIIb,C4_IIIb,104.140568,0.715248496
337,ZAM20-106_ere,ere,ZAM19-56_C4_IIIb,C4_IIIb,383.287346,0.721061538
338,ZAM20-108_ere,ere,ZAM19-56_C4_IIIb,C4_IIIb,359.077965,0.732751601
339,ZAM20-113_ere,ere,ZAM19-56_C4_IIIb,C4_IIIb,442.1962307,0.730944398
340,ZAM20-74_ere,ere,ZAM19-56_C4_IIIb,C4_IIIb,733.1006711,0.703888915
341,ZAM20-86_ere,ere,ZAM19-56_C4_IIIb,C4_IIIb,684.1643085,0.717557196
342,ZAM20-91_ere,ere,ZAM19-56_C4_IIIb,C4_IIIb,620.8228634,0.717633781
343,ZAM20-95_ere,ere,ZAM19-56_C4_IIIb,C4_IIIb,590.8167403,0.732650717
385,ZAM20-91_ere,ere,ZAM20-91_C4_IIIb,C4_IIIb,9.50E-05,0.724295058
386,ZAM20-95_ere,ere,ZAM20-91_C4_IIIb,C4_IIIb,34.06839923,0.739127505
388,TAN16-03_C4_IIIa,C4_IIIa,MRL15-01_dec,dec,1046.528437,0.670868866
389,ZAM15-05_C4_IIIa,C4_IIIa,MRL15-01_dec,dec,1350.460758,0.563892513
390,ZAM17-01_C4_IIIa,C4_IIIa,MRL15-01_dec,dec,1673.479608,0.689189795
391,ZAM19-30_C4_IIIb,C4_IIIb,MRL15-01_dec,dec,1565.570078,0.659903473
392,ZAM19-32_C4_IIIb,C4_IIIb,MRL15-01_dec,dec,1323.824252,0.662246373
393,ZAM19-33_C4_IIIb,C4_IIIb,MRL15-01_dec,dec,1280.90851,0.663907237
394,ZAM19-55_C4_IIIb,C4_IIIb,MRL15-01_dec,dec,1144.911801,0.661924059
395,ZAM19-56_C4_IIIb,C4_IIIb,MRL15-01_dec,dec,1137.999312,0.665267834
396,ZAM20-91_C4_IIIb,C4_IIIb,MRL15-01_dec,dec,1588.2097,0.670827885
398,MRL15-03_dec,dec,MRL15-01_dec,dec,71.07652572,0.256868513
399,MRL15-04_dec,dec,MRL15-01_dec,dec,69.41511609,0.247891154
400,MRL15-05_dec,dec,MRL15-01_dec,dec,236.0173824,0.298801813
401,ZAM19-30_dec,dec,MRL15-01_dec,dec,1565.570078,0.45710145
402,ZAM19-50_dec,dec,MRL15-01_dec,dec,1294.798026,0.444411867
403,ZAM20-114_dec,dec,MRL15-01_dec,dec,1578.340036,0.480977832
404,ZAM20-75_dec,dec,MRL15-01_dec,dec,1864.051763,0.458669066
409,TAN16-01_ere,ere,MRL15-01_dec,dec,922.2470366,0.537404521
410,ZAM17-18_ere,ere,MRL15-01_dec,dec,1143.161769,0.528703185
411,ZAM17-20_ere,ere,MRL15-01_dec,dec,1117.447895,0.524019821
412,ZAM17-22_ere,ere,MRL15-01_dec,dec,1183.371963,0.523061783
413,ZAM19-30_ere,ere,MRL15-01_dec,dec,1565.570078,0.533103291
414,ZAM19-31_ere,ere,MRL15-01_dec,dec,1349.440213,0.5140389
415,ZAM19-32_ere,ere,MRL15-01_dec,dec,1323.824252,0.518473765
416,ZAM19-33_ere,ere,MRL15-01_dec,dec,1280.90851,0.519635219
417,ZAM19-42_ere,ere,MRL15-01_dec,dec,1175.779682,0.514750681
418,ZAM19-44_ere,ere,MRL15-01_dec,dec,1204.9097,0.51734819
419,ZAM19-53_ere,ere,MRL15-01_dec,dec,1209.633784,0.514198889
420,ZAM19-55_ere,ere,MRL15-01_dec,dec,1144.911801,0.520343604
421,ZAM19-56_ere,ere,MRL15-01_dec,dec,1137.999312,0.518989675
422,ZAM19-59_ere,ere,MRL15-01_dec,dec,1102.529141,0.517491212
423,ZAM20-106_ere,ere,MRL15-01_dec,dec,1502.151717,0.528039362
424,ZAM20-108_ere,ere,MRL15-01_dec,dec,1488.236233,0.553785288
425,ZAM20-113_ere,ere,MRL15-01_dec,dec,1578.26898,0.552193266
426,ZAM20-74_ere,ere,MRL15-01_dec,dec,1838.36377,0.491692272
427,ZAM20-86_ere,ere,MRL15-01_dec,dec,1708.610261,0.520117857
428,ZAM20-91_ere,ere,MRL15-01_dec,dec,1588.2097,0.520178972
429,ZAM20-95_ere,ere,MRL15-01_dec,dec,1572.911301,0.549759408
431,TAN16-03_C4_IIIa,C4_IIIa,MRL15-03_dec,dec,1113.536292,0.685848157
432,ZAM15-05_C4_IIIa,C4_IIIa,MRL15-03_dec,dec,1407.710289,0.577803386
433,ZAM17-01_C4_IIIa,C4_IIIa,MRL15-03_dec,dec,1731.26681,0.704601889
434,ZAM19-30_C4_IIIb,C4_IIIb,MRL15-03_dec,dec,1625.875664,0.675175347
435,ZAM19-32_C4_IIIb,C4_IIIb,MRL15-03_dec,dec,1387.799993,0.677558996
436,ZAM19-33_C4_IIIb,C4_IIIb,MRL15-03_dec,dec,1344.63867,0.679156273
437,ZAM19-55_C4_IIIb,C4_IIIb,MRL15-03_dec,dec,1202.058156,0.676835413
438,ZAM19-56_C4_IIIb,C4_IIIb,MRL15-03_dec,dec,1195.238645,0.680495166
439,ZAM20-91_C4_IIIb,C4_IIIb,MRL15-03_dec,dec,1629.174702,0.686322702
442,MRL15-04_dec,dec,MRL15-03_dec,dec,8.356967137,0.245983347
443,MRL15-05_dec,dec,MRL15-03_dec,dec,267.7564554,0.292909189
444,ZAM19-30_dec,dec,MRL15-03_dec,dec,1625.875664,0.452738828
445,ZAM19-50_dec,dec,MRL15-03_dec,dec,1353.785068,0.448191038
446,ZAM20-114_dec,dec,MRL15-03_dec,dec,1636.650263,0.480147172
447,ZAM20-75_dec,dec,MRL15-03_dec,dec,1911.987437,0.456648586
452,TAN16-01_ere,ere,MRL15-03_dec,dec,987.0592397,0.542740827
453,ZAM17-18_ere,ere,MRL15-03_dec,dec,1207.461394,0.532226087
454,ZAM17-20_ere,ere,MRL15-03_dec,dec,1184.588119,0.526457491
455,ZAM17-22_ere,ere,MRL15-03_dec,dec,1249.98828,0.52630866
456,ZAM19-30_ere,ere,MRL15-03_dec,dec,1625.875664,0.537821369
457,ZAM19-31_ere,ere,MRL15-03_dec,dec,1413.517902,0.517638792
458,ZAM19-32_ere,ere,MRL15-03_dec,dec,1387.799993,0.520949875
459,ZAM19-33_ere,ere,MRL15-03_dec,dec,1344.63867,0.522766221
460,ZAM19-42_ere,ere,MRL15-03_dec,dec,1238.59914,0.51880265
461,ZAM19-44_ere,ere,MRL15-03_dec,dec,1267.6644,0.521352569
462,ZAM19-53_ere,ere,MRL15-03_dec,dec,1266.409897,0.516608422
463,ZAM19-55_ere,ere,MRL15-03_dec,dec,1202.058156,0.522458761
464,ZAM19-56_ere,ere,MRL15-03_dec,dec,1195.238645,0.520556741
465,ZAM19-59_ere,ere,MRL15-03_dec,dec,1163.184137,0.519644031
466,ZAM20-106_ere,ere,MRL15-03_dec,dec,1555.140884,0.531200621
467,ZAM20-108_ere,ere,MRL15-03_dec,dec,1542.643941,0.559632888
468,ZAM20-113_ere,ere,MRL15-03_dec,dec,1636.560356,0.555781094
469,ZAM20-74_ere,ere,MRL15-03_dec,dec,1888.360128,0.491141762
470,ZAM20-86_ere,ere,MRL15-03_dec,dec,1752.209176,0.522589197
471,ZAM20-91_ere,ere,MRL15-03_dec,dec,1629.174702,0.524036871
472,ZAM20-95_ere,ere,MRL15-03_dec,dec,1614.994507,0.554400487
474,TAN16-03_C4_IIIa,C4_IIIa,MRL15-04_dec,dec,1114.161391,0.697537856
475,ZAM15-05_C4_IIIa,C4_IIIa,MRL15-04_dec,dec,1410.685985,0.587012446
476,ZAM17-01_C4_IIIa,C4_IIIa,MRL15-04_dec,dec,1734.162059,0.716325753
477,ZAM19-30_C4_IIIb,C4_IIIb,MRL15-04_dec,dec,1628.269996,0.686796131
478,ZAM19-32_C4_IIIb,C4_IIIb,MRL15-04_dec,dec,1389.332923,0.689605174
479,ZAM19-33_C4_IIIb,C4_IIIb,MRL15-04_dec,dec,1346.232353,0.691065515
480,ZAM19-55_C4_IIIb,C4_IIIb,MRL15-04_dec,dec,1205.035521,0.688701493
481,ZAM19-56_C4_IIIb,C4_IIIb,MRL15-04_dec,dec,1198.198562,0.692326546
482,ZAM20-91_C4_IIIb,C4_IIIb,MRL15-04_dec,dec,1634.447703,0.69836827
486,MRL15-05_dec,dec,MRL15-04_dec,dec,259.8576732,0.272249705
487,ZAM19-30_dec,dec,MRL15-04_dec,dec,1628.269996,0.453660451
488,ZAM19-50_dec,dec,MRL15-04_dec,dec,1356.429877,0.453315644
489,ZAM20-114_dec,dec,MRL15-04_dec,dec,1639.442532,0.483370801
490,ZAM20-75_dec,dec,MRL15-04_dec,dec,1916.432762,0.455660074
495,TAN16-01_ere,ere,MRL15-04_dec,dec,988.3419416,0.542938513
496,ZAM17-18_ere,ere,MRL15-04_dec,dec,1208.899161,0.52986641
497,ZAM17-20_ere,ere,MRL15-04_dec,dec,1185.171289,0.524703169
498,ZAM17-22_ere,ere,MRL15-04_dec,dec,1250.750886,0.524149315
499,ZAM19-30_ere,ere,MRL15-04_dec,dec,1628.269996,0.536879168
500,ZAM19-31_ere,ere,MRL15-04_dec,dec,1415.025595,0.515884825
501,ZAM19-32_ere,ere,MRL15-04_dec,dec,1389.332923,0.520211083
502,ZAM19-33_ere,ere,MRL15-04_dec,dec,1346.232353,0.523816863
503,ZAM19-42_ere,ere,MRL15-04_dec,dec,1240.410686,0.516210262
504,ZAM19-44_ere,ere,MRL15-04_dec,dec,1269.493383,0.517104452
505,ZAM19-53_ere,ere,MRL15-04_dec,dec,1269.459466,0.515027223
506,ZAM19-55_ere,ere,MRL15-04_dec,dec,1205.035521,0.521751069
507,ZAM19-56_ere,ere,MRL15-04_dec,dec,1198.198562,0.520105247
508,ZAM19-59_ere,ere,MRL15-04_dec,dec,1165.475072,0.517315734
509,ZAM20-106_ere,ere,MRL15-04_dec,dec,1558.840809,0.530136566
510,ZAM20-108_ere,ere,MRL15-04_dec,dec,1546.117269,0.562216757
511,ZAM20-113_ere,ere,MRL15-04_dec,dec,1639.356206,0.559699134
512,ZAM20-74_ere,ere,MRL15-04_dec,dec,1892.521688,0.48725762
513,ZAM20-86_ere,ere,MRL15-04_dec,dec,1757.189509,0.521215287
514,ZAM20-91_ere,ere,MRL15-04_dec,dec,1634.447703,0.519856573
515,ZAM20-95_ere,ere,MRL15-04_dec,dec,1620.14169,0.556481944
517,TAN16-03_C4_IIIa,C4_IIIa,MRL15-05_dec,dec,1076.923498,0.700874363
518,ZAM15-05_C4_IIIa,C4_IIIa,MRL15-05_dec,dec,1441.404573,0.589417885
519,ZAM17-01_C4_IIIa,C4_IIIa,MRL15-05_dec,dec,1757.694491,0.719791136
520,ZAM19-30_C4_IIIb,C4_IIIb,MRL15-05_dec,dec,1636.868884,0.68977745
521,ZAM19-32_C4_IIIb,C4_IIIb,MRL15-05_dec,dec,1374.215882,0.692583902
522,ZAM19-33_C4_IIIb,C4_IIIb,MRL15-05_dec,dec,1333.855672,0.694277415
523,ZAM19-55_C4_IIIb,C4_IIIb,MRL15-05_dec,dec,1239.905877,0.691395686
524,ZAM19-56_C4_IIIb,C4_IIIb,MRL15-05_dec,dec,1232.664913,0.695490989
525,ZAM20-91_C4_IIIb,C4_IIIb,MRL15-05_dec,dec,1739.65558,0.7014366
530,ZAM19-30_dec,dec,MRL15-05_dec,dec,1636.868884,0.440327503
531,ZAM19-50_dec,dec,MRL15-05_dec,dec,1377.408229,0.446476597
532,ZAM20-114_dec,dec,MRL15-05_dec,dec,1660.77958,0.474473607
533,ZAM20-75_dec,dec,MRL15-05_dec,dec,1990.051715,0.441843395
538,TAN16-01_ere,ere,MRL15-05_dec,dec,975.728317,0.539294679
539,ZAM17-18_ere,ere,MRL15-05_dec,dec,1194.603604,0.523567194
540,ZAM17-20_ere,ere,MRL15-05_dec,dec,1144.712714,0.516612012
541,ZAM17-22_ere,ere,MRL15-05_dec,dec,1214.307542,0.516717012
542,ZAM19-30_ere,ere,MRL15-05_dec,dec,1636.868884,0.52934135
543,ZAM19-31_ere,ere,MRL15-05_dec,dec,1398.64567,0.511528833
544,ZAM19-32_ere,ere,MRL15-05_dec,dec,1374.215882,0.514373479
545,ZAM19-33_ere,ere,MRL15-05_dec,dec,1333.855672,0.515627347
546,ZAM19-42_ere,ere,MRL15-05_dec,dec,1237.17766,0.511286985
547,ZAM19-44_ere,ere,MRL15-05_dec,dec,1266.160245,0.511208571
548,ZAM19-53_ere,ere,MRL15-05_dec,dec,1305.249788,0.507251075
549,ZAM19-55_ere,ere,MRL15-05_dec,dec,1239.905877,0.514187469
550,ZAM19-56_ere,ere,MRL15-05_dec,dec,1232.664913,0.514010116
551,ZAM19-59_ere,ere,MRL15-05_dec,dec,1179.29376,0.510384714
552,ZAM20-106_ere,ere,MRL15-05_dec,dec,1611.110719,0.521888408
553,ZAM20-108_ere,ere,MRL15-05_dec,dec,1591.048159,0.554563053
554,ZAM20-113_ere,ere,MRL15-05_dec,dec,1660.810886,0.552645308
555,ZAM20-74_ere,ere,MRL15-05_dec,dec,1956.62842,0.47670476
556,ZAM20-86_ere,ere,MRL15-05_dec,dec,1850.857741,0.510458227
557,ZAM20-91_ere,ere,MRL15-05_dec,dec,1739.65558,0.512209853
558,ZAM20-95_ere,ere,MRL15-05_dec,dec,1721.062739,0.550147652
564,ZAM19-32_C4_IIIb,C4_IIIb,ZAM19-30_dec,dec,286.0615791,0.708139794
565,ZAM19-33_C4_IIIb,C4_IIIb,ZAM19-30_dec,dec,316.6248228,0.709916634
566,ZAM19-55_C4_IIIb,C4_IIIb,ZAM19-30_dec,dec,435.703375,0.706855298
567,ZAM19-56_C4_IIIb,C4_IIIb,ZAM19-30_dec,dec,441.5754072,0.710860555
568,ZAM20-91_C4_IIIb,C4_IIIb,ZAM19-30_dec,dec,628.4046462,0.717379073
574,ZAM19-50_dec,dec,ZAM19-30_dec,dec,275.872104,0.305328359
575,ZAM20-114_dec,dec,ZAM19-30_dec,dec,81.62904177,0.260260764
576,ZAM20-75_dec,dec,ZAM19-30_dec,dec,550.4605451,0.268435228
585,ZAM19-30_ere,ere,ZAM19-30_dec,dec,0,0.487877206
586,ZAM19-31_ere,ere,ZAM19-30_dec,dec,268.6510508,0.47610564
587,ZAM19-32_ere,ere,ZAM19-30_dec,dec,286.0615791,0.48554007
588,ZAM19-33_ere,ere,ZAM19-30_dec,dec,316.6248228,0.479684291
589,ZAM19-42_ere,ere,ZAM19-30_dec,dec,400.6373405,0.476184634
590,ZAM19-44_ere,ere,ZAM19-30_dec,dec,372.0765536,0.472779501
591,ZAM19-53_ere,ere,ZAM19-30_dec,dec,378.0657915,0.469946651
592,ZAM19-55_ere,ere,ZAM19-30_dec,dec,435.703375,0.477504725
593,ZAM19-56_ere,ere,ZAM19-30_dec,dec,441.5754072,0.476095024
594,ZAM19-59_ere,ere,ZAM19-30_dec,dec,463.0799219,0.479992137
595,ZAM20-106_ere,ere,ZAM19-30_dec,dec,273.5729444,0.484281269
596,ZAM20-108_ere,ere,ZAM19-30_dec,dec,231.6812014,0.525650913
597,ZAM20-113_ere,ere,ZAM19-30_dec,dec,82.34247515,0.52252331
598,ZAM20-74_ere,ere,ZAM19-30_dec,dec,477.8133435,0.410853556
599,ZAM20-86_ere,ere,ZAM19-30_dec,dec,592.1272858,0.46603702
600,ZAM20-91_ere,ere,ZAM19-30_dec,dec,628.4046462,0.474425221
601,ZAM20-95_ere,ere,ZAM19-30_dec,dec,595.3961884,0.521787563
609,ZAM19-55_C4_IIIb,C4_IIIb,ZAM19-50_dec,dec,160.762232,0.687297134
610,ZAM19-56_C4_IIIb,C4_IIIb,ZAM19-50_dec,dec,166.2853712,0.690823538
611,ZAM20-91_C4_IIIb,C4_IIIb,ZAM19-50_dec,dec,596.9356044,0.696433924
618,ZAM20-114_dec,dec,ZAM19-50_dec,dec,284.2779852,0.339542323
619,ZAM20-75_dec,dec,ZAM19-50_dec,dec,675.8930457,0.361603
634,ZAM19-53_ere,ere,ZAM19-50_dec,dec,109.9801159,0.528011602
635,ZAM19-55_ere,ere,ZAM19-50_dec,dec,160.762232,0.53324796
636,ZAM19-56_ere,ere,ZAM19-50_dec,dec,166.2853712,0.531273422
637,ZAM19-59_ere,ere,ZAM19-50_dec,dec,198.6359553,0.530540071
638,ZAM20-106_ere,ere,ZAM19-50_dec,dec,281.8001224,0.541996938
639,ZAM20-108_ere,ere,ZAM19-50_dec,dec,243.2781324,0.568434326
640,ZAM20-113_ere,ere,ZAM19-50_dec,dec,284.2560524,0.565861257
641,ZAM20-74_ere,ere,ZAM19-50_dec,dec,621.1728537,0.490820719
642,ZAM20-86_ere,ere,ZAM19-50_dec,dec,625.5612467,0.528218438
643,ZAM20-91_ere,ere,ZAM19-50_dec,dec,596.9356044,0.532419981
644,ZAM20-95_ere,ere,ZAM19-50_dec,dec,563.6502021,0.566000265
654,ZAM20-91_C4_IIIb,C4_IIIb,ZAM20-114_dec,dec,550.7595769,0.723201359
662,ZAM20-75_dec,dec,ZAM20-114_dec,dec,473.167313,0.337347263
684,ZAM20-74_ere,ere,ZAM20-114_dec,dec,402.37257,0.465929252
685,ZAM20-86_ere,ere,ZAM20-114_dec,dec,510.6953683,0.511295094
686,ZAM20-91_ere,ere,ZAM20-114_dec,dec,550.7595769,0.518109148
687,ZAM20-95_ere,ere,ZAM20-114_dec,dec,518.1660374,0.56261257
697,ZAM20-91_C4_IIIb,C4_IIIb,ZAM20-75_dec,dec,353.4913994,0.714495779
728,ZAM20-86_ere,ere,ZAM20-75_dec,dec,212.3556,0.456616754
729,ZAM20-91_ere,ere,ZAM20-75_dec,dec,353.4913994,0.463643863
730,ZAM20-95_ere,ere,ZAM20-75_dec,dec,346.1059969,0.517232607
732,TAN16-03_C4_IIIa,C4_IIIa,JKO-14_ere,ere,145.2922765,0.723524601
733,ZAM15-05_C4_IIIa,C4_IIIa,JKO-14_ere,ere,320.9391908,0.607279524
734,ZAM17-01_C4_IIIa,C4_IIIa,JKO-14_ere,ere,586.4602949,0.744262227
735,ZAM19-30_C4_IIIb,C4_IIIb,JKO-14_ere,ere,450.825001,0.712317792
736,ZAM19-32_C4_IIIb,C4_IIIb,JKO-14_ere,ere,181.255903,0.715641803
737,ZAM19-33_C4_IIIb,C4_IIIb,JKO-14_ere,ere,139.8532684,0.717281671
738,ZAM19-55_C4_IIIb,C4_IIIb,JKO-14_ere,ere,231.7474765,0.713813074
739,ZAM19-56_C4_IIIb,C4_IIIb,JKO-14_ere,ere,228.6804444,0.717941234
740,ZAM20-91_C4_IIIb,C4_IIIb,JKO-14_ere,ere,823.2264858,0.724736627
741,MRL15-01_dec,dec,JKO-14_ere,ere,1143.102885,0.527253896
742,MRL15-03_dec,dec,JKO-14_ere,ere,1207.471297,0.531265635
743,MRL15-04_dec,dec,JKO-14_ere,ere,1208.89083,0.531057286
744,MRL15-05_dec,dec,JKO-14_ere,ere,1194.02125,0.524651918
745,ZAM19-30_dec,dec,JKO-14_ere,ere,450.825001,0.494886325
746,ZAM19-50_dec,dec,JKO-14_ere,ere,241.8907409,0.541740096
747,ZAM20-114_dec,dec,JKO-14_ere,ere,490.8370447,0.535610457
748,ZAM20-75_dec,dec,JKO-14_ere,ere,916.4251097,0.48902866
750,JKO-15_ere,ere,JKO-14_ere,ere,0.480033268,0.234289311
751,JKO-18_ere,ere,JKO-14_ere,ere,118.2671811,0.25673255
752,JKO-19_ere,ere,JKO-14_ere,ere,117.2393123,0.292698526
753,TAN16-01_ere,ere,JKO-14_ere,ere,221.2185257,0.465649446
754,ZAM17-18_ere,ere,JKO-14_ere,ere,2.659601901,0.240184631
755,ZAM17-20_ere,ere,JKO-14_ere,ere,122.1526973,0.253815918
756,ZAM17-22_ere,ere,JKO-14_ere,ere,105.6412824,0.253953263
757,ZAM19-30_ere,ere,JKO-14_ere,ere,450.825001,0.284994108
758,ZAM19-31_ere,ere,JKO-14_ere,ere,206.5604998,0.301606808
759,ZAM19-32_ere,ere,JKO-14_ere,ere,181.255903,0.351369368
760,ZAM19-33_ere,ere,JKO-14_ere,ere,139.8532684,0.278632282
761,ZAM19-42_ere,ere,JKO-14_ere,ere,66.05028045,0.263277009
762,ZAM19-44_ere,ere,JKO-14_ere,ere,86.16227303,0.245448499
763,ZAM19-53_ere,ere,JKO-14_ere,ere,256.149409,0.271761484
764,ZAM19-55_ere,ere,JKO-14_ere,ere,231.7474765,0.267258251
765,ZAM19-56_ere,ere,JKO-14_ere,ere,228.6804444,0.262494925
766,ZAM19-59_ere,ere,JKO-14_ere,ere,133.5257023,0.299076874
767,ZAM20-106_ere,ere,JKO-14_ere,ere,523.6892735,0.290934059
768,ZAM20-108_ere,ere,JKO-14_ere,ere,484.3938088,0.349015698
769,ZAM20-113_ere,ere,JKO-14_ere,ere,491.0623412,0.36129652
770,ZAM20-74_ere,ere,JKO-14_ere,ere,859.2502456,0.298257362
771,ZAM20-86_ere,ere,JKO-14_ere,ere,864.1115394,0.297825046
772,ZAM20-91_ere,ere,JKO-14_ere,ere,823.2264858,0.287914634
773,ZAM20-95_ere,ere,JKO-14_ere,ere,791.083173,0.354097735
774,L01_int,int,JKO-14_ere,ere,495.1485974,0.598209187
775,TAN16-03_C4_IIIa,C4_IIIa,JKO-15_ere,ere,144.8645866,0.717273481
776,ZAM15-05_C4_IIIa,C4_IIIa,JKO-15_ere,ere,321.3983362,0.600312153
777,ZAM17-01_C4_IIIa,C4_IIIa,JKO-15_ere,ere,586.8188714,0.738277323
778,ZAM19-30_C4_IIIb,C4_IIIb,JKO-15_ere,ere,451.1430147,0.705837685
779,ZAM19-32_C4_IIIb,C4_IIIb,JKO-15_ere,ere,181.4376876,0.709075426
780,ZAM19-33_C4_IIIb,C4_IIIb,JKO-15_ere,ere,140.0780866,0.710657614
781,ZAM19-55_C4_IIIb,C4_IIIb,JKO-15_ere,ere,232.1902201,0.707103629
782,ZAM19-56_C4_IIIb,C4_IIIb,JKO-15_ere,ere,229.1176444,0.711510459
783,ZAM20-91_C4_IIIb,C4_IIIb,JKO-15_ere,ere,823.7064904,0.718312244
784,MRL15-01_dec,dec,JKO-15_ere,ere,1142.959032,0.521445812
785,MRL15-03_dec,dec,JKO-15_ere,ere,1207.339303,0.525729251
786,MRL15-04_dec,dec,JKO-15_ere,ere,1208.755674,0.524481503
787,MRL15-05_dec,dec,JKO-15_ere,ere,1193.789822,0.517555174
788,ZAM19-30_dec,dec,JKO-15_ere,ere,451.1430147,0.486250909
789,ZAM19-50_dec,dec,JKO-15_ere,ere,242.3501731,0.536413918
790,ZAM20-114_dec,dec,JKO-15_ere,ere,491.2056686,0.529620227
791,ZAM20-75_dec,dec,JKO-15_ere,ere,916.8699479,0.480144986
794,JKO-18_ere,ere,JKO-15_ere,ere,117.7894771,0.251272961
795,JKO-19_ere,ere,JKO-15_ere,ere,116.7623695,0.28814586
796,TAN16-01_ere,ere,JKO-15_ere,ere,221.0516625,0.452458894
797,ZAM17-18_ere,ere,JKO-15_ere,ere,3.123354438,0.239927361
798,ZAM17-20_ere,ere,JKO-15_ere,ere,121.6730679,0.254222445
799,ZAM17-22_ere,ere,JKO-15_ere,ere,105.2606273,0.246633502
800,ZAM19-30_ere,ere,JKO-15_ere,ere,451.1430147,0.277045337
801,ZAM19-31_ere,ere,JKO-15_ere,ere,206.7278504,0.294072008
802,ZAM19-32_ere,ere,JKO-15_ere,ere,181.4376876,0.338699802
803,ZAM19-33_ere,ere,JKO-15_ere,ere,140.0780866,0.264656537
804,ZAM19-42_ere,ere,JKO-15_ere,ere,66.52188826,0.26055242
805,ZAM19-44_ere,ere,JKO-15_ere,ere,86.59057411,0.239492016
806,ZAM19-53_ere,ere,JKO-15_ere,ere,256.6242411,0.264152743
807,ZAM19-55_ere,ere,JKO-15_ere,ere,232.1902201,0.256709431
808,ZAM19-56_ere,ere,JKO-15_ere,ere,229.1176444,0.257910535
809,ZAM19-59_ere,ere,JKO-15_ere,ere,133.9026257,0.287876903
810,ZAM20-106_ere,ere,JKO-15_ere,ere,524.1483124,0.283976192
811,ZAM20-108_ere,ere,JKO-15_ere,ere,484.8445961,0.341049742
812,ZAM20-113_ere,ere,JKO-15_ere,ere,491.4314075,0.35249181
813,ZAM20-74_ere,ere,JKO-15_ere,ere,859.6834852,0.289503834
814,ZAM20-86_ere,ere,JKO-15_ere,ere,864.5859782,0.292343519
815,ZAM20-91_ere,ere,JKO-15_ere,ere,823.7064904,0.287655112
816,ZAM20-95_ere,ere,JKO-15_ere,ere,791.563204,0.341675394
817,L01_int,int,JKO-15_ere,ere,494.9033878,0.59141414
818,TAN16-03_C4_IIIa,C4_IIIa,JKO-18_ere,ere,78.38003635,0.722222954
819,ZAM15-05_C4_IIIa,C4_IIIa,JKO-18_ere,ere,432.5101643,0.605932612
820,ZAM17-01_C4_IIIa,C4_IIIa,JKO-18_ere,ere,672.2626196,0.742914939
821,ZAM19-30_C4_IIIb,C4_IIIb,JKO-18_ere,ere,528.8098948,0.71078568
822,ZAM19-32_C4_IIIb,C4_IIIb,JKO-18_ere,ere,242.9979083,0.713965989
823,ZAM19-33_C4_IIIb,C4_IIIb,JKO-18_ere,ere,214.5823397,0.715339379
824,ZAM19-55_C4_IIIb,C4_IIIb,JKO-18_ere,ere,346.5266797,0.712115267
825,ZAM19-56_C4_IIIb,C4_IIIb,JKO-18_ere,ere,342.7725872,0.716477567
826,ZAM20-91_C4_IIIb,C4_IIIb,JKO-18_ere,ere,941.0983426,0.723079939
827,MRL15-01_dec,dec,JKO-18_ere,ere,1124.79768,0.520675127
828,MRL15-03_dec,dec,JKO-18_ere,ere,1191.87631,0.523759886
829,MRL15-04_dec,dec,JKO-18_ere,ere,1192.481126,0.521290804
830,MRL15-05_dec,dec,JKO-18_ere,ere,1152.512264,0.513919745
831,ZAM19-30_dec,dec,JKO-18_ere,ere,528.8098948,0.477578269
832,ZAM19-50_dec,dec,JKO-18_ere,ere,354.05955,0.534478309
833,ZAM20-114_dec,dec,JKO-18_ere,ere,579.9047023,0.524328708
834,ZAM20-75_dec,dec,JKO-18_ere,ere,1022.591769,0.471445222
838,JKO-19_ere,ere,JKO-18_ere,ere,2.038326564,0.20451502
839,TAN16-01_ere,ere,JKO-18_ere,ere,222.6763173,0.430860462
840,ZAM17-18_ere,ere,JKO-18_ere,ere,120.882292,0.246750307
841,ZAM17-20_ere,ere,JKO-18_ere,ere,7.917839073,0.179769446
842,ZAM17-22_ere,ere,JKO-18_ere,ere,62.56771552,0.202635391
843,ZAM19-30_ere,ere,JKO-18_ere,ere,528.8098948,0.256059175
844,ZAM19-31_ere,ere,JKO-18_ere,ere,262.7787593,0.261725419
845,ZAM19-32_ere,ere,JKO-18_ere,ere,242.9979083,0.305367935
846,ZAM19-33_ere,ere,JKO-18_ere,ere,214.5823397,0.242698563
847,ZAM19-42_ere,ere,JKO-18_ere,ere,182.5797007,0.247229201
848,ZAM19-44_ere,ere,JKO-18_ere,ere,196.4420161,0.229525021
849,ZAM19-53_ere,ere,JKO-18_ere,ere,374.31894,0.243820006
850,ZAM19-55_ere,ere,JKO-18_ere,ere,346.5266797,0.248497083
851,ZAM19-56_ere,ere,JKO-18_ere,ere,342.7725872,0.244575078
852,ZAM19-59_ere,ere,JKO-18_ere,ere,241.6540068,0.269527404
853,ZAM20-106_ere,ere,JKO-18_ere,ere,634.4677309,0.261098427
854,ZAM20-108_ere,ere,JKO-18_ere,ere,593.1435449,0.328748524
855,ZAM20-113_ere,ere,JKO-18_ere,ere,580.2304072,0.340096802
856,ZAM20-74_ere,ere,JKO-18_ere,ere,962.3991377,0.263359956
857,ZAM20-86_ere,ere,JKO-18_ere,ere,979.1051966,0.268357864
858,ZAM20-91_ere,ere,JKO-18_ere,ere,941.0983426,0.263398922
859,ZAM20-95_ere,ere,JKO-18_ere,ere,908.8207814,0.337501579
860,L01_int,int,JKO-18_ere,ere,457.647405,0.597467111
861,TAN16-03_C4_IIIa,C4_IIIa,JKO-19_ere,ere,80.19067539,0.722205164
862,ZAM15-05_C4_IIIa,C4_IIIa,JKO-19_ere,ere,431.0145467,0.605440892
863,ZAM17-01_C4_IIIa,C4_IIIa,JKO-19_ere,ere,670.3400954,0.743074765
864,ZAM19-30_C4_IIIb,C4_IIIb,JKO-19_ere,ere,526.8464511,0.711417805
865,ZAM19-32_C4_IIIb,C4_IIIb,JKO-19_ere,ere,241.0175349,0.714422053
866,ZAM19-33_C4_IIIb,C4_IIIb,JKO-19_ere,ere,212.6961047,0.715865389
867,ZAM19-55_C4_IIIb,C4_IIIb,JKO-19_ere,ere,345.8565481,0.712653655
868,ZAM19-56_C4_IIIb,C4_IIIb,JKO-19_ere,ere,342.1378388,0.716754306
869,ZAM20-91_C4_IIIb,C4_IIIb,JKO-19_ere,ere,939.9279295,0.723439515
870,MRL15-01_dec,dec,JKO-19_ere,ere,1126.649235,0.527842701
871,MRL15-03_dec,dec,JKO-19_ere,ere,1193.71008,0.530829833
872,MRL15-04_dec,dec,JKO-19_ere,ere,1194.321104,0.532152005
873,MRL15-05_dec,dec,JKO-19_ere,ere,1154.499534,0.526647634
874,ZAM19-30_dec,dec,JKO-19_ere,ere,526.8464511,0.495743513
875,ZAM19-50_dec,dec,JKO-19_ere,ere,352.5993903,0.54505849
876,ZAM20-114_dec,dec,JKO-19_ere,ere,578.0172811,0.535855923
877,ZAM20-75_dec,dec,JKO-19_ere,ere,1020.915275,0.490675812
882,TAN16-01_ere,ere,JKO-19_ere,ere,224.0756475,0.445338513
883,ZAM17-18_ere,ere,JKO-19_ere,ere,119.8613073,0.293229066
884,ZAM17-20_ere,ere,JKO-19_ere,ere,9.953974321,0.235468061
885,ZAM17-22_ere,ere,JKO-19_ere,ere,60.53357399,0.254590457
886,ZAM19-30_ere,ere,JKO-19_ere,ere,526.8464511,0.305540102
887,ZAM19-31_ere,ere,JKO-19_ere,ere,260.7703501,0.29683151
888,ZAM19-32_ere,ere,JKO-19_ere,ere,241.0175349,0.341501371
889,ZAM19-33_ere,ere,JKO-19_ere,ere,212.6961047,0.280726884
890,ZAM19-42_ere,ere,JKO-19_ere,ere,181.3722995,0.288444104
891,ZAM19-44_ere,ere,JKO-19_ere,ere,195.0222633,0.276857245
892,ZAM19-53_ere,ere,JKO-19_ere,ere,373.3417395,0.286978345
893,ZAM19-55_ere,ere,JKO-19_ere,ere,345.8565481,0.296798025
894,ZAM19-56_ere,ere,JKO-19_ere,ere,342.1378388,0.289204809
895,ZAM19-59_ere,ere,JKO-19_ere,ere,241.1917022,0.307948924
896,ZAM20-106_ere,ere,JKO-19_ere,ere,632.9248545,0.307443899
897,ZAM20-108_ere,ere,JKO-19_ere,ere,591.5496938,0.361027526
898,ZAM20-113_ere,ere,JKO-19_ere,ere,578.3438739,0.370512467
899,ZAM20-74_ere,ere,JKO-19_ere,ere,960.6666305,0.307175216
900,ZAM20-86_ere,ere,JKO-19_ere,ere,977.7059453,0.317940111
901,ZAM20-91_ere,ere,JKO-19_ere,ere,939.9279295,0.307866559
902,ZAM20-95_ere,ere,JKO-19_ere,ere,907.6307523,0.370117672
903,L01_int,int,JKO-19_ere,ere,459.5738862,0.596261954
904,TAN16-03_C4_IIIa,C4_IIIa,TAN16-01_ere,ere,150.8440277,0.712584355
905,ZAM15-05_C4_IIIa,C4_IIIa,TAN16-01_ere,ere,487.9663124,0.598041973
906,ZAM17-01_C4_IIIa,C4_IIIa,TAN16-01_ere,ere,788.7483291,0.732530699
907,ZAM19-30_C4_IIIb,C4_IIIb,TAN16-01_ere,ere,662.0420265,0.701905366
908,ZAM19-32_C4_IIIb,C4_IIIb,TAN16-01_ere,ere,402.4261666,0.704856443
909,ZAM19-33_C4_IIIb,C4_IIIb,TAN16-01_ere,ere,360.3494466,0.706470482
910,ZAM19-55_C4_IIIb,C4_IIIb,TAN16-01_ere,ere,313.7001036,0.703086214
911,ZAM19-56_C4_IIIb,C4_IIIb,TAN16-01_ere,ere,306.8062416,0.707548865
912,ZAM20-91_C4_IIIb,C4_IIIb,TAN16-01_ere,ere,921.7457337,0.713417374
917,ZAM19-30_dec,dec,TAN16-01_ere,ere,662.0420265,0.533756929
918,ZAM19-50_dec,dec,TAN16-01_ere,ere,415.0081291,0.5543285
919,ZAM20-114_dec,dec,TAN16-01_ere,ere,691.6484091,0.563835151
920,ZAM20-75_dec,dec,TAN16-01_ere,ere,1078.154886,0.529244913
926,ZAM17-18_ere,ere,TAN16-01_ere,ere,221.4270049,0.461531295
927,ZAM17-20_ere,ere,TAN16-01_ere,ere,217.0362615,0.432046631
928,ZAM17-22_ere,ere,TAN16-01_ere,ere,271.66749,0.445949688
929,ZAM19-30_ere,ere,TAN16-01_ere,ere,662.0420265,0.482801967
930,ZAM19-31_ere,ere,TAN16-01_ere,ere,427.7789696,0.404376561
931,ZAM19-32_ere,ere,TAN16-01_ere,ere,402.4261666,0.381144839
932,ZAM19-33_ere,ere,TAN16-01_ere,ere,360.3494466,0.457872116
933,ZAM19-42_ere,ere,TAN16-01_ere,ere,261.5959743,0.441414652
934,ZAM19-44_ere,ere,TAN16-01_ere,ere,290.4883634,0.455677355
935,ZAM19-53_ere,ere,TAN16-01_ere,ere,371.4698261,0.450961663
936,ZAM19-55_ere,ere,TAN16-01_ere,ere,313.7001036,0.459330596
937,ZAM19-56_ere,ere,TAN16-01_ere,ere,306.8062416,0.459243401
938,ZAM19-59_ere,ere,TAN16-01_ere,ere,220.4045459,0.416971875
939,ZAM20-106_ere,ere,TAN16-01_ere,ere,681.09841,0.472954663
940,ZAM20-108_ere,ere,TAN16-01_ere,ere,650.1854904,0.513922498
941,ZAM20-113_ere,ere,TAN16-01_ere,ere,691.7583458,0.513896178
942,ZAM20-74_ere,ere,TAN16-01_ere,ere,1029.650214,0.446473664
943,ZAM20-86_ere,ere,TAN16-01_ere,ere,990.7914454,0.474851226
944,ZAM20-91_ere,ere,TAN16-01_ere,ere,921.7457337,0.469533898
945,ZAM20-95_ere,ere,TAN16-01_ere,ere,893.0532368,0.516522345
950,ZAM19-30_C4_IIIb,C4_IIIb,ZAM17-18_ere,ere,449.6981801,0.713682749
951,ZAM19-32_C4_IIIb,C4_IIIb,ZAM17-18_ere,ere,181.0001861,0.716931938
952,ZAM19-33_C4_IIIb,C4_IIIb,ZAM17-18_ere,ere,139.3431503,0.718378649
953,ZAM19-55_C4_IIIb,C4_IIIb,ZAM17-18_ere,ere,229.1052159,0.715129514
954,ZAM19-56_C4_IIIb,C4_IIIb,ZAM17-18_ere,ere,226.0481259,0.719304679
955,ZAM20-91_C4_IIIb,C4_IIIb,ZAM17-18_ere,ere,820.665423,0.726149737
960,ZAM19-30_dec,dec,ZAM17-18_ere,ere,449.6981801,0.491518414
961,ZAM19-50_dec,dec,ZAM17-18_ere,ere,239.6673885,0.541651011
962,ZAM20-114_dec,dec,ZAM17-18_ere,ere,489.3585435,0.533515303
963,ZAM20-75_dec,dec,ZAM17-18_ere,ere,914.3402243,0.485660068
970,ZAM17-20_ere,ere,ZAM17-18_ere,ere,124.7360445,0.245059805
971,ZAM17-22_ere,ere,ZAM17-18_ere,ere,108.1250144,0.23807396
972,ZAM19-30_ere,ere,ZAM17-18_ere,ere,449.6981801,0.272659058
973,ZAM19-31_ere,ere,ZAM17-18_ere,ere,206.3876602,0.298819946
974,ZAM19-32_ere,ere,ZAM17-18_ere,ere,181.0001861,0.345459589
975,ZAM19-33_ere,ere,ZAM17-18_ere,ere,139.3431503,0.268629727
976,ZAM19-42_ere,ere,ZAM17-18_ere,ere,63.6927917,0.256271663
977,ZAM19-44_ere,ere,ZAM17-18_ere,ere,84.24199518,0.236011624
978,ZAM19-53_ere,ere,ZAM17-18_ere,ere,253.5146502,0.261642624
979,ZAM19-55_ere,ere,ZAM17-18_ere,ere,229.1052159,0.25702903
980,ZAM19-56_ere,ere,ZAM17-18_ere,ere,226.0481259,0.253841165
981,ZAM19-59_ere,ere,ZAM17-18_ere,ere,131.0649274,0.28637372
982,ZAM20-106_ere,ere,ZAM17-18_ere,ere,521.4674293,0.275557274
983,ZAM20-108_ere,ere,ZAM17-18_ere,ere,482.2545708,0.340331336
984,ZAM20-113_ere,ere,ZAM17-18_ere,ere,489.580649,0.349497118
985,ZAM20-74_ere,ere,ZAM17-18_ere,ere,857.2682244,0.283959652
986,ZAM20-86_ere,ere,ZAM17-18_ere,ere,861.7019493,0.2874832
987,ZAM20-91_ere,ere,ZAM17-18_ere,ere,820.665423,0.274164563
988,ZAM20-95_ere,ere,ZAM17-18_ere,ere,788.5324535,0.342612132
993,ZAM19-30_C4_IIIb,C4_IIIb,ZAM17-20_ere,ere,536.3232111,0.71394639
994,ZAM19-32_C4_IIIb,C4_IIIb,ZAM17-20_ere,ere,250.5952777,0.717281268
995,ZAM19-33_C4_IIIb,C4_IIIb,ZAM17-20_ere,ere,221.7750934,0.718645054
996,ZAM19-55_C4_IIIb,C4_IIIb,ZAM17-20_ere,ere,348.8413578,0.715455321
997,ZAM19-56_C4_IIIb,C4_IIIb,ZAM17-20_ere,ere,344.9498728,0.719567854
998,ZAM20-91_C4_IIIb,C4_IIIb,ZAM17-20_ere,ere,945.3312343,0.726148966
1003,ZAM19-30_dec,dec,ZAM17-20_ere,ere,536.3232111,0.481256124
1004,ZAM19-50_dec,dec,ZAM17-20_ere,ere,359.495122,0.536294476
1005,ZAM20-114_dec,dec,ZAM17-20_ere,ere,587.0828721,0.526196578
1006,ZAM20-75_dec,dec,ZAM17-20_ere,ere,1028.875163,0.47674266
1014,ZAM17-22_ere,ere,ZAM17-20_ere,ere,70.48512625,0.193380512
1015,ZAM19-30_ere,ere,ZAM17-20_ere,ere,536.3232111,0.259338854
1016,ZAM19-31_ere,ere,ZAM17-20_ere,ere,270.5064095,0.256360961
1017,ZAM19-32_ere,ere,ZAM17-20_ere,ere,250.5952777,0.298713057
1018,ZAM19-33_ere,ere,ZAM17-20_ere,ere,221.7750934,0.239025551
1019,ZAM19-42_ere,ere,ZAM17-20_ere,ere,187.0779046,0.237351255
1020,ZAM19-44_ere,ere,ZAM17-20_ere,ere,201.7639103,0.222138207
1021,ZAM19-53_ere,ere,ZAM17-20_ere,ere,377.8327696,0.237305253
1022,ZAM19-55_ere,ere,ZAM17-20_ere,ere,348.8413578,0.244872583
1023,ZAM19-56_ere,ere,ZAM17-20_ere,ere,344.9498728,0.241766085
1024,ZAM19-59_ere,ere,ZAM17-20_ere,ere,243.2032722,0.264635308
1025,ZAM20-106_ere,ere,ZAM17-20_ere,ere,640.2130139,0.256920905
1026,ZAM20-108_ere,ere,ZAM17-20_ere,ere,599.0984234,0.329738348
1027,ZAM20-113_ere,ere,ZAM17-20_ere,ere,587.4047463,0.340418288
1028,ZAM20-74_ere,ere,ZAM17-20_ere,ere,968.9160434,0.262434501
1029,ZAM20-86_ere,ere,ZAM17-20_ere,ere,984.2568077,0.274459882
1030,ZAM20-91_ere,ere,ZAM17-20_ere,ere,945.3312343,0.264505649
1031,ZAM20-95_ere,ere,ZAM17-20_ere,ere,913.133177,0.337652376
1036,ZAM19-30_C4_IIIb,C4_IIIb,ZAM17-22_ere,ere,470.1561101,0.713244614
1037,ZAM19-32_C4_IIIb,C4_IIIb,ZAM17-22_ere,ere,184.1810863,0.716316855
1038,ZAM19-33_C4_IIIb,C4_IIIb,ZAM17-22_ere,ere,160.565158,0.717766311
1039,ZAM19-55_C4_IIIb,C4_IIIb,ZAM17-22_ere,ere,335.0045127,0.714509646
1040,ZAM19-56_C4_IIIb,C4_IIIb,ZAM17-22_ere,ere,332.4518152,0.718733985
1041,ZAM20-91_C4_IIIb,C4_IIIb,ZAM17-22_ere,ere,909.977538,0.725342593
1046,ZAM19-30_dec,dec,ZAM17-22_ere,ere,470.1561101,0.481443498
1047,ZAM19-50_dec,dec,ZAM17-22_ere,ere,315.3998014,0.53588609
1048,ZAM20-114_dec,dec,ZAM17-22_ere,ere,524.2582723,0.528030111
1049,ZAM20-75_dec,dec,ZAM17-22_ere,ere,974.2167466,0.476662573
1058,ZAM19-30_ere,ere,ZAM17-22_ere,ere,470.1561101,0.249828868
1059,ZAM19-31_ere,ere,ZAM17-22_ere,ere,202.4349267,0.259039699
1060,ZAM19-32_ere,ere,ZAM17-22_ere,ere,184.1810863,0.307415167
1061,ZAM19-33_ere,ere,ZAM17-22_ere,ere,160.565158,0.232565503
1062,ZAM19-42_ere,ere,ZAM17-22_ere,ere,157.5305401,0.240590487
1063,ZAM19-44_ere,ere,ZAM17-22_ere,ere,162.6565431,0.217367028
1064,ZAM19-53_ere,ere,ZAM17-22_ere,ere,352.2821007,0.237954593
1065,ZAM19-55_ere,ere,ZAM17-22_ere,ere,335.0045127,0.240268221
1066,ZAM19-56_ere,ere,ZAM17-22_ere,ere,332.4518152,0.236542078
1067,ZAM19-59_ere,ere,ZAM17-22_ere,ere,239.1602125,0.272390116
1068,ZAM20-106_ere,ere,ZAM17-22_ere,ere,591.347003,0.250208285
1069,ZAM20-108_ere,ere,ZAM17-22_ere,ere,548.3315543,0.319964716
1070,ZAM20-113_ere,ere,ZAM17-22_ere,ere,524.6181683,0.332984333
1071,ZAM20-74_ere,ere,ZAM17-22_ere,ere,912.0948762,0.262975855
1072,ZAM20-86_ere,ere,ZAM17-22_ere,ere,940.2901443,0.269015659
1073,ZAM20-91_ere,ere,ZAM17-22_ere,ere,909.977538,0.259610872
1074,ZAM20-95_ere,ere,ZAM17-22_ere,ere,877.1067913,0.328184036
1080,ZAM19-32_C4_IIIb,C4_IIIb,ZAM19-30_ere,ere,286.0615791,0.723859095
1081,ZAM19-33_C4_IIIb,C4_IIIb,ZAM19-30_ere,ere,316.6248228,0.725242267
1082,ZAM19-55_C4_IIIb,C4_IIIb,ZAM19-30_ere,ere,435.703375,0.72205507
1083,ZAM19-56_C4_IIIb,C4_IIIb,ZAM19-30_ere,ere,441.5754072,0.726272508
1084,ZAM20-91_C4_IIIb,C4_IIIb,ZAM19-30_ere,ere,628.4046462,0.733031714
1090,ZAM19-50_dec,dec,ZAM19-30_ere,ere,275.872104,0.548017615
1091,ZAM20-114_dec,dec,ZAM19-30_ere,ere,81.62904177,0.537983282
1092,ZAM20-75_dec,dec,ZAM19-30_ere,ere,550.4605451,0.488709631
1102,ZAM19-31_ere,ere,ZAM19-30_ere,ere,268.6510508,0.297585269
1103,ZAM19-32_ere,ere,ZAM19-30_ere,ere,286.0615791,0.36046975
1104,ZAM19-33_ere,ere,ZAM19-30_ere,ere,316.6248228,0.249327054
1105,ZAM19-42_ere,ere,ZAM19-30_ere,ere,400.6373405,0.278650582
1106,ZAM19-44_ere,ere,ZAM19-30_ere,ere,372.0765536,0.239508327
1107,ZAM19-53_ere,ere,ZAM19-30_ere,ere,378.0657915,0.258150003
1108,ZAM19-55_ere,ere,ZAM19-30_ere,ere,435.703375,0.264066902
1109,ZAM19-56_ere,ere,ZAM19-30_ere,ere,441.5754072,0.259416589
1110,ZAM19-59_ere,ere,ZAM19-30_ere,ere,463.0799219,0.317701699
1111,ZAM20-106_ere,ere,ZAM19-30_ere,ere,273.5729444,0.210315492
1112,ZAM20-108_ere,ere,ZAM19-30_ere,ere,231.6812014,0.229994914
1113,ZAM20-113_ere,ere,ZAM19-30_ere,ere,82.34247515,0.230536515
1114,ZAM20-74_ere,ere,ZAM19-30_ere,ere,477.8133435,0.249084613
1115,ZAM20-86_ere,ere,ZAM19-30_ere,ere,592.1272858,0.239925288
1116,ZAM20-91_ere,ere,ZAM19-30_ere,ere,628.4046462,0.234307878
1117,ZAM20-95_ere,ere,ZAM19-30_ere,ere,595.3961884,0.261478314
1123,ZAM19-32_C4_IIIb,C4_IIIb,ZAM19-31_ere,ere,26.05749574,0.711278039
1124,ZAM19-33_C4_IIIb,C4_IIIb,ZAM19-31_ere,ere,70.31275938,0.712425327
1125,ZAM19-55_C4_IIIb,C4_IIIb,ZAM19-31_ere,ere,316.8425164,0.70930667
1126,ZAM19-56_C4_IIIb,C4_IIIb,ZAM19-31_ere,ere,318.8297215,0.713652667
1127,ZAM20-91_C4_IIIb,C4_IIIb,ZAM19-31_ere,ere,778.0963795,0.720196485
1133,ZAM19-50_dec,dec,ZAM19-31_ere,ere,201.8475779,0.530557025
1134,ZAM20-114_dec,dec,ZAM19-31_ere,ere,328.0558596,0.524318538
1135,ZAM20-75_dec,dec,ZAM19-31_ere,ere,791.7972597,0.473032892
1146,ZAM19-32_ere,ere,ZAM19-31_ere,ere,26.05749574,0.224252957
1147,ZAM19-33_ere,ere,ZAM19-31_ere,ere,70.31275938,0.252937303
1148,ZAM19-42_ere,ere,ZAM19-31_ere,ere,181.4440188,0.257422331
1149,ZAM19-44_ere,ere,ZAM19-31_ere,ere,154.7521375,0.246641832
1150,ZAM19-53_ere,ere,ZAM19-31_ere,ere,294.0299445,0.250198439
1151,ZAM19-55_ere,ere,ZAM19-31_ere,ere,316.8425164,0.272913694
1152,ZAM19-56_ere,ere,ZAM19-31_ere,ere,318.8297215,0.264883999
1153,ZAM19-59_ere,ere,ZAM19-31_ere,ere,278.4272595,0.252355205
1154,ZAM20-106_ere,ere,ZAM19-31_ere,ere,430.7951024,0.291209873
1155,ZAM20-108_ere,ere,ZAM19-31_ere,ere,383.9491782,0.362695026
1156,ZAM20-113_ere,ere,ZAM19-31_ere,ere,328.4911962,0.371077552
1157,ZAM20-74_ere,ere,ZAM19-31_ere,ere,725.3448488,0.28533159
1158,ZAM20-86_ere,ere,ZAM19-31_ere,ere,784.5684959,0.307678147
1159,ZAM20-91_ere,ere,ZAM19-31_ere,ere,778.0963795,0.300799789
1160,ZAM20-95_ere,ere,ZAM19-31_ere,ere,744.1354656,0.372700711
1167,ZAM19-33_C4_IIIb,C4_IIIb,ZAM19-32_ere,ere,44.2838053,0.713801114
1168,ZAM19-55_C4_IIIb,C4_IIIb,ZAM19-32_ere,ere,295.6117675,0.710642728
1169,ZAM19-56_C4_IIIb,C4_IIIb,ZAM19-32_ere,ere,297.2550232,0.714920233
1170,ZAM20-91_C4_IIIb,C4_IIIb,ZAM19-32_ere,ere,775.080631,0.721315841
1176,ZAM19-50_dec,dec,ZAM19-32_ere,ere,190.0452313,0.534549533
1177,ZAM20-114_dec,dec,ZAM19-32_ere,ere,341.4747224,0.531909204
1178,ZAM20-75_dec,dec,ZAM19-32_ere,ere,800.4343587,0.485030764
1190,ZAM19-33_ere,ere,ZAM19-32_ere,ere,44.2838053,0.311921159
1191,ZAM19-42_ere,ere,ZAM19-32_ere,ere,155.5137106,0.298993198
1192,ZAM19-44_ere,ere,ZAM19-32_ere,ere,129.1047702,0.30610299
1193,ZAM19-53_ere,ere,ZAM19-32_ere,ere,276.4164936,0.302596395
1194,ZAM19-55_ere,ere,ZAM19-32_ere,ere,295.6117675,0.318173714
1195,ZAM19-56_ere,ere,ZAM19-32_ere,ere,297.2550232,0.317652804
1196,ZAM19-59_ere,ere,ZAM19-32_ere,ere,253.2501645,0.280079045
1197,ZAM20-106_ere,ere,ZAM19-32_ere,ere,432.5254848,0.344630051
1198,ZAM20-108_ere,ere,ZAM19-32_ere,ere,386.3766215,0.412606389
1199,ZAM20-113_ere,ere,ZAM19-32_ere,ere,341.8690178,0.419586991
1200,ZAM20-74_ere,ere,ZAM19-32_ere,ere,735.3199229,0.325606908
1201,ZAM20-86_ere,ere,ZAM19-32_ere,ere,786.3430755,0.355439317
1202,ZAM20-91_ere,ere,ZAM19-32_ere,ere,775.080631,0.349234834
1203,ZAM20-95_ere,ere,ZAM19-32_ere,ere,741.2319282,0.416814287
1211,ZAM19-55_C4_IIIb,C4_IIIb,ZAM19-33_ere,ere,259.8323631,0.713453774
1212,ZAM19-56_C4_IIIb,C4_IIIb,ZAM19-33_ere,ere,260.8101341,0.717714189
1213,ZAM20-91_C4_IIIb,C4_IIIb,ZAM19-33_ere,ere,769.3336277,0.724400717
1219,ZAM19-50_dec,dec,ZAM19-33_ere,ere,174.5636076,0.533498333
1220,ZAM20-114_dec,dec,ZAM19-33_ere,ere,365.3223894,0.52691475
1221,ZAM20-75_dec,dec,ZAM19-33_ere,ere,814.3724891,0.474982195
1234,ZAM19-42_ere,ere,ZAM19-33_ere,ere,111.3005958,0.237768677
1235,ZAM19-44_ere,ere,ZAM19-33_ere,ere,85.43824669,0.214131398
1236,ZAM19-53_ere,ere,ZAM19-33_ere,ere,247.7415272,0.228582445
1237,ZAM19-55_ere,ere,ZAM19-33_ere,ere,259.8323631,0.24340311
1238,ZAM19-56_ere,ere,ZAM19-33_ere,ere,260.8101341,0.230680774
1239,ZAM19-59_ere,ere,ZAM19-33_ere,ere,210.1940986,0.277382494
1240,ZAM20-106_ere,ere,ZAM19-33_ere,ere,436.4319907,0.257509367
1241,ZAM20-108_ere,ere,ZAM19-33_ere,ere,391.8764,0.322968097
1242,ZAM20-113_ere,ere,ZAM19-33_ere,ere,365.648164,0.340326983
1243,ZAM20-74_ere,ere,ZAM19-33_ere,ere,751.6597009,0.263543569
1244,ZAM20-86_ere,ere,ZAM19-33_ere,ere,788.7145804,0.273767101
1245,ZAM20-91_ere,ere,ZAM19-33_ere,ere,769.3336277,0.266963776
1246,ZAM20-95_ere,ere,ZAM19-33_ere,ere,735.7675882,0.327847542
1254,ZAM19-55_C4_IIIb,C4_IIIb,ZAM19-42_ere,ere,180.4263049,0.710105796
1255,ZAM19-56_C4_IIIb,C4_IIIb,ZAM19-42_ere,ere,178.8084686,0.714426421
1256,ZAM20-91_C4_IIIb,C4_IIIb,ZAM19-42_ere,ere,758.5948832,0.721257856
1262,ZAM19-50_dec,dec,ZAM19-42_ere,ere,176.3496751,0.527960375
1263,ZAM20-114_dec,dec,ZAM19-42_ere,ere,434.2870405,0.521575896
1264,ZAM20-75_dec,dec,ZAM19-42_ere,ere,851.7511409,0.473228138
1278,ZAM19-44_ere,ere,ZAM19-42_ere,ere,29.19589209,0.203261307
1279,ZAM19-53_ere,ere,ZAM19-42_ere,ere,195.0057196,0.228589384
1280,ZAM19-55_ere,ere,ZAM19-42_ere,ere,180.4263049,0.223614206
1281,ZAM19-56_ere,ere,ZAM19-42_ere,ere,178.8084686,0.224463197
1282,ZAM19-59_ere,ere,ZAM19-42_ere,ere,103.1781631,0.247186138
1283,ZAM20-106_ere,ere,ZAM19-42_ere,ere,458.0844596,0.271783895
1284,ZAM20-108_ere,ere,ZAM19-42_ere,ere,419.3523813,0.346055914
1285,ZAM20-113_ere,ere,ZAM19-42_ere,ere,434.4595531,0.355486054
1286,ZAM20-74_ere,ere,ZAM19-42_ere,ere,795.5456982,0.27139698
1287,ZAM20-86_ere,ere,ZAM19-42_ere,ere,798.1061641,0.279905967
1288,ZAM20-91_ere,ere,ZAM19-42_ere,ere,758.5948832,0.274045746
1289,ZAM20-95_ere,ere,ZAM19-42_ere,ere,726.2638792,0.347348658
1297,ZAM19-55_C4_IIIb,C4_IIIb,ZAM19-44_ere,ere,187.8409031,0.713247705
1298,ZAM19-56_C4_IIIb,C4_IIIb,ZAM19-44_ere,ere,187.332836,0.717483351
1299,ZAM20-91_C4_IIIb,C4_IIIb,ZAM19-44_ere,ere,747.8856659,0.724397743
1305,ZAM19-50_dec,dec,ZAM19-44_ere,ere,157.769886,0.5294593
1306,ZAM20-114_dec,dec,ZAM19-44_ere,ere,407.3168165,0.520134012
1307,ZAM20-75_dec,dec,ZAM19-44_ere,ere,830.600924,0.467086258
1322,ZAM19-53_ere,ere,ZAM19-44_ere,ere,192.4574619,0.205190715
1323,ZAM19-55_ere,ere,ZAM19-44_ere,ere,187.8409031,0.205484824
1324,ZAM19-56_ere,ere,ZAM19-44_ere,ere,187.332836,0.197949892
1325,ZAM19-59_ere,ere,ZAM19-44_ere,ere,124.9627482,0.248554475
1326,ZAM20-106_ere,ere,ZAM19-44_ere,ere,439.0598599,0.248036861
1327,ZAM20-108_ere,ere,ZAM19-44_ere,ere,398.9687039,0.318284211
1328,ZAM20-113_ere,ere,ZAM19-44_ere,ere,407.5084925,0.333297681
1329,ZAM20-74_ere,ere,ZAM19-44_ere,ere,773.1165971,0.251560951
1330,ZAM20-86_ere,ere,ZAM19-44_ere,ere,782.6982213,0.257530236
1331,ZAM20-91_ere,ere,ZAM19-44_ere,ere,747.8856659,0.247107888
1332,ZAM20-95_ere,ere,ZAM19-44_ere,ere,715.1809356,0.324664406
1340,ZAM19-55_C4_IIIb,C4_IIIb,ZAM19-53_ere,ere,65.38462223,0.711187755
1341,ZAM19-56_C4_IIIb,C4_IIIb,ZAM19-53_ere,ere,72.59372933,0.715514305
1342,ZAM20-91_C4_IIIb,C4_IIIb,ZAM19-53_ere,ere,570.5220173,0.722108325
1349,ZAM20-114_dec,dec,ZAM19-53_ere,ere,373.0799874,0.519496814
1350,ZAM20-75_dec,dec,ZAM19-53_ere,ere,707.7738632,0.466212577
1366,ZAM19-55_ere,ere,ZAM19-53_ere,ere,65.38462223,0.203124166
1367,ZAM19-56_ere,ere,ZAM19-53_ere,ere,72.59372933,0.197397396
1368,ZAM19-59_ere,ere,ZAM19-53_ere,ere,155.3187825,0.249497688
1369,ZAM20-106_ere,ere,ZAM19-53_ere,ere,312.4348215,0.248233965
1370,ZAM20-108_ere,ere,ZAM19-53_ere,ere,286.8251829,0.332949627
1371,ZAM20-113_ere,ere,ZAM19-53_ere,ere,372.9112084,0.347232594
1372,ZAM20-74_ere,ere,ZAM19-53_ere,ere,662.3553356,0.248554597
1373,ZAM20-86_ere,ere,ZAM19-53_ere,ere,624.0186866,0.2663005
1374,ZAM20-91_ere,ere,ZAM19-53_ere,ere,570.5220173,0.255317813
1375,ZAM20-95_ere,ere,ZAM19-53_ere,ere,539.1960145,0.336775297
1384,ZAM19-56_C4_IIIb,C4_IIIb,ZAM19-55_ere,ere,7.329744366,0.717387469
1385,ZAM20-91_C4_IIIb,C4_IIIb,ZAM19-55_ere,ere,614.7458795,0.724163764
1392,ZAM20-114_dec,dec,ZAM19-55_ere,ere,435.7427223,0.525044779
1393,ZAM20-75_dec,dec,ZAM19-55_ere,ere,769.5187213,0.475038374
1410,ZAM19-56_ere,ere,ZAM19-55_ere,ere,7.329744366,0.176686251
1411,ZAM19-59_ere,ere,ZAM19-55_ere,ere,109.1682793,0.248096025
1412,ZAM20-106_ere,ere,ZAM19-55_ere,ere,375.9600298,0.257417923
1413,ZAM20-108_ere,ere,ZAM19-55_ere,ere,351.7756727,0.332399755
1414,ZAM20-113_ere,ere,ZAM19-55_ere,ere,435.6074847,0.347202287
1415,ZAM20-74_ere,ere,ZAM19-55_ere,ere,725.7776082,0.258377428
1416,ZAM20-86_ere,ere,ZAM19-55_ere,ere,677.3955315,0.266160032
1417,ZAM20-91_ere,ere,ZAM19-55_ere,ere,614.7458795,0.26166664
1418,ZAM20-95_ere,ere,ZAM19-55_ere,ere,584.6327139,0.338145744
1428,ZAM20-91_C4_IIIb,C4_IIIb,ZAM19-56_ere,ere,620.8228634,0.724551841
1435,ZAM20-114_dec,dec,ZAM19-56_ere,ere,442.3261157,0.525107342
1436,ZAM20-75_dec,dec,ZAM19-56_ere,ere,776.7876765,0.473204203
1454,ZAM19-59_ere,ere,ZAM19-56_ere,ere,104.140568,0.248059032
1455,ZAM20-106_ere,ere,ZAM19-56_ere,ere,383.287346,0.256679305
1456,ZAM20-108_ere,ere,ZAM19-56_ere,ere,359.077965,0.333374381
1457,ZAM20-113_ere,ere,ZAM19-56_ere,ere,442.1962307,0.349798111
1458,ZAM20-74_ere,ere,ZAM19-56_ere,ere,733.1006711,0.253457805
1459,ZAM20-86_ere,ere,ZAM19-56_ere,ere,684.1643085,0.264949288
1460,ZAM20-91_ere,ere,ZAM19-56_ere,ere,620.8228634,0.255196804
1461,ZAM20-95_ere,ere,ZAM19-56_ere,ere,590.8167403,0.33880857
1471,ZAM20-91_C4_IIIb,C4_IIIb,ZAM19-59_ere,ere,722.1800342,0.721973073
1478,ZAM20-114_dec,dec,ZAM19-59_ere,ere,481.514407,0.526884279
1479,ZAM20-75_dec,dec,ZAM19-59_ere,ere,858.3191893,0.476311764
1498,ZAM20-106_ere,ere,ZAM19-59_ere,ere,460.9962184,0.306606602
1499,ZAM20-108_ere,ere,ZAM19-59_ere,ere,429.803956,0.379356424
1500,ZAM20-113_ere,ere,ZAM19-59_ere,ere,481.5392927,0.389703631
1501,ZAM20-74_ere,ere,ZAM19-59_ere,ere,809.2506577,0.291044899
1502,ZAM20-86_ere,ere,ZAM19-59_ere,ere,779.3098022,0.316790052
1503,ZAM20-91_ere,ere,ZAM19-59_ere,ere,722.1800342,0.305766872
1504,ZAM20-95_ere,ere,ZAM19-59_ere,ere,691.5756337,0.386032719
1514,ZAM20-91_C4_IIIb,C4_IIIb,ZAM20-106_ere,ere,360.7395443,0.727702171
1521,ZAM20-114_dec,dec,ZAM20-106_ere,ere,203.201913,0.530228341
1522,ZAM20-75_dec,dec,ZAM20-106_ere,ere,397.4635892,0.477496815
1542,ZAM20-108_ere,ere,ZAM20-106_ere,ere,47.78892559,0.270703716
1543,ZAM20-113_ere,ere,ZAM20-106_ere,ere,202.5046582,0.288186516
1544,ZAM20-74_ere,ere,ZAM20-106_ere,ere,349.929022,0.232199517
1545,ZAM20-86_ere,ere,ZAM20-106_ere,ere,353.8853201,0.249518686
1546,ZAM20-91_ere,ere,ZAM20-106_ere,ere,360.7395443,0.235906867
1547,ZAM20-95_ere,ere,ZAM20-106_ere,ere,326.9615964,0.305897068
1557,ZAM20-91_C4_IIIb,C4_IIIb,ZAM20-108_ere,ere,407.8263752,0.739275412
1564,ZAM20-114_dec,dec,ZAM20-108_ere,ere,167.1142422,0.565141261
1565,ZAM20-75_dec,dec,ZAM20-108_ere,ere,432.6355213,0.521131226
1586,ZAM20-113_ere,ere,ZAM20-108_ere,ere,166.4700991,0.283040019
1587,ZAM20-74_ere,ere,ZAM20-108_ere,ere,379.7402773,0.314527628
1588,ZAM20-86_ere,ere,ZAM20-108_ere,ere,400.6428085,0.306758433
1589,ZAM20-91_ere,ere,ZAM20-108_ere,ere,407.8263752,0.298519792
1590,ZAM20-95_ere,ere,ZAM20-108_ere,ere,373.9552333,0.31619556
1600,ZAM20-91_C4_IIIb,C4_IIIb,ZAM20-113_ere,ere,550.0190751,0.737412731
1607,ZAM20-114_dec,dec,ZAM20-113_ere,ere,0.741726582,0.562010279
1608,ZAM20-75_dec,dec,ZAM20-113_ere,ere,472.5692148,0.516764518
1630,ZAM20-74_ere,ere,ZAM20-113_ere,ere,401.8090332,0.321284563
1631,ZAM20-86_ere,ere,ZAM20-113_ere,ere,509.9689675,0.320182331
1632,ZAM20-91_ere,ere,ZAM20-113_ere,ere,550.0190751,0.314246989
1633,ZAM20-95_ere,ere,ZAM20-113_ere,ere,517.426456,0.327603557
1643,ZAM20-91_C4_IIIb,C4_IIIb,ZAM20-74_ere,ere,381.0754473,0.710466141
1651,ZAM20-75_dec,dec,ZAM20-74_ere,ere,77.95769813,0.398892113
1674,ZAM20-86_ere,ere,ZAM20-74_ere,ere,250.414754,0.235581508
1675,ZAM20-91_ere,ere,ZAM20-74_ere,ere,381.0754473,0.235123401
1676,ZAM20-95_ere,ere,ZAM20-74_ere,ere,367.066002,0.313817291
1686,ZAM20-91_C4_IIIb,C4_IIIb,ZAM20-86_ere,ere,143.5381439,0.724181386
1718,ZAM20-91_ere,ere,ZAM20-86_ere,ere,143.5381439,0.217922467
1719,ZAM20-95_ere,ere,ZAM20-86_ere,ere,143.3590527,0.292113474
1762,ZAM20-95_ere,ere,ZAM20-91_ere,ere,34.06839923,0.286115062
1807,TAN16-03_C4_IIIa,C4_IIIa,L01_int,int,380.3216413,0.394185952
1808,ZAM15-05_C4_IIIa,C4_IIIa,L01_int,int,763.6913956,0.255718939
1809,ZAM17-01_C4_IIIa,C4_IIIa,L01_int,int,1068.978508,0.417194316
1810,ZAM19-30_C4_IIIb,C4_IIIb,L01_int,int,941.8353482,0.375598164
1811,ZAM19-32_C4_IIIb,C4_IIIb,L01_int,int,674.9238707,0.378223039
1812,ZAM19-33_C4_IIIb,C4_IIIb,L01_int,int,634.8618765,0.379791232
1813,ZAM19-55_C4_IIIb,C4_IIIb,L01_int,int,575.0307317,0.366156119
1814,ZAM19-56_C4_IIIb,C4_IIIb,L01_int,int,567.7402611,0.380434909
1815,ZAM20-91_C4_IIIb,C4_IIIb,L01_int,int,1153.646634,0.390538021
1816,MRL15-01_dec,dec,L01_int,int,670.8467879,0.555978964
1817,MRL15-03_dec,dec,L01_int,int,739.4128571,0.568950851
1818,MRL15-04_dec,dec,L01_int,int,739.4225326,0.579235219
1819,MRL15-05_dec,dec,L01_int,int,699.3397146,0.580566034
1820,ZAM19-30_dec,dec,L01_int,int,941.8353482,0.592561633
1821,ZAM19-50_dec,dec,L01_int,int,693.2076265,0.577393755
1822,ZAM20-114_dec,dec,L01_int,int,971.8523482,0.597389707
1823,ZAM20-75_dec,dec,L01_int,int,1344.432769,0.591003369
1828,TAN16-01_ere,ere,L01_int,int,280.3465553,0.58955636
1829,ZAM17-18_ere,ere,L01_int,int,495.8209817,0.599713656
1830,ZAM17-20_ere,ere,L01_int,int,450.0466545,0.600155271
1831,ZAM17-22_ere,ere,L01_int,int,518.2094038,0.599426871
1832,ZAM19-30_ere,ere,L01_int,int,941.8353482,0.605493648
1833,ZAM19-31_ere,ere,L01_int,int,699.3077917,0.595328979
1834,ZAM19-32_ere,ere,L01_int,int,674.9238707,0.596571666
1835,ZAM19-33_ere,ere,L01_int,int,634.8618765,0.598210249
1836,ZAM19-42_ere,ere,L01_int,int,541.2009467,0.595970356
1837,ZAM19-44_ere,ere,L01_int,int,569.8089418,0.598274181
1838,ZAM19-53_ere,ere,L01_int,int,637.8828659,0.59657063
1839,ZAM19-55_ere,ere,L01_int,int,575.0307317,0.598385786
1840,ZAM19-56_ere,ere,L01_int,int,567.7402611,0.598749286
1841,ZAM19-59_ere,ere,L01_int,int,495.4983512,0.596720874
1842,ZAM20-106_ere,ere,L01_int,int,950.3172174,0.601846889
1843,ZAM20-108_ere,ere,L01_int,int,922.8482089,0.611211657
1844,ZAM20-113_ere,ere,L01_int,int,971.9541442,0.609833445
1845,ZAM20-74_ere,ere,L01_int,int,1300.22907,0.587106984
1846,ZAM20-86_ere,ere,L01_int,int,1239.064632,0.599122493
1847,ZAM20-91_ere,ere,L01_int,int,1153.646634,0.598720578
1848,ZAM20-95_ere,ere,L01_int,int,1128.095969,0.611808307
